{
    "elasticsearch": {
        "url": "http://localhost:",
        "port": "9200",
        "elasticsearchIndices": {
            "USER": {
                "index": "user",
                "type": "USER",
                "collectionName": "user"
            },
            "TWEET": {
                "index": "tweet",
                "type": "TWEET",
                "collectionName": "tweet"
            },
            "COMMENTS": {
                "index": "comments",
                "type": "COMMENTS",
                "collectionName": "comments"
            }
        }
    },
    "apprication_serverport": 5000
}